<?xml version="1.0" encoding="UTF-8"?>

<!DOCTYPE mapper PUBLIC "-//mybatis.org//DTD Mapper 3.0//EN" 
"http://mybatis.org/dtd/mybatis-3-mapper.dtd">

<mapper namespace="member.mapper">
	<select id="login_app_gw" resultType="member.MemberVO">
		select * from member
		where email = #{email}
		and PASSWORD = #{pw}
	</select>
	
	<select id="memberList_app_gw" resultType="member.MemberVO">
		select * from member
	</select>
	
	<select id="id_check_app_gw" resultType="Integer">
		select count(*) from member where email= #{email} 
	</select>
	
	<insert id="member_join_app_gw">
		insert into member(email, password, name, nickname, idnumber, address, filepath)
		values(#{email}, #{password}, #{name}, #{nickname}, #{idnumber}, #{address} ,#{filepath, jdbcType=VARCHAR})
	</insert>
	
	
	<!-- 회원정보 불러오기 -->
	<select id="detail_mj" resultType="member.MemberVO">
	select *
	from member
	where email = #{email}
	</select>


	<!-- 회원정보 수정 -->
	<update id="member_update_mj">
		update member set
		nickname=#{nickname}, password=#{password}, address=#{address},	filepath=#{filepath}
		where email=#{email}
	</update>


	<!-- 로그인 (id, pw 일치 여부 조회) -->
	<select id="member_login_mj" resultType="member.MemberVO">
		select * from member
		where email = #{email}
		and password = #{password}	
	</select>

	<!-- social_email 존재 여부 조회 (소셜 로그인 이력 조회) -->
	<select id="social_email_mj" resultType="integer">
		select count(*) from member
		where ${social_type} = #{social_email}
		<!-- ${social_type} 내 들어있는 동적 데이터 (즉, naver, kakao) 를 불어옴 -->
	</select>
	
	<update id="social_update_mj">
		update member set name = #{name}, gender = #{gender}
		where ${social_type} = #{social_email}
	</update>
	

	<insert id="social_insert_mj">
		insert into member (email, name, ${social_type})
		values ( #{email}, #{name}, #{social_email} )
	</insert>

	<select id="id_check_mj" resultType="integer">
		select count(*) from member
		where id = #{email}
	</select>

	<insert id="join_mj">
		insert into member (nickname, password, address, email, idnumber, name)
		values ( #{nickname}, #{password}, #{address}, #{email}, #{idnumber}, #{name})	
	</insert>
</mapper>