<?xml version="1.0" encoding="UTF-8"?>

<!DOCTYPE mapper PUBLIC "-//mybatis.org//DTD Mapper 3.0//EN" 
"http://mybatis.org/dtd/mybatis-3-mapper.dtd">

<mapper namespace="notice.mapper">

<!-- 해당 글을 수정 저장처리 -->
<update id="update_jy">
	update notice set title=#{title}, content = #{content}
	where id = #{id}		
</update>

<!-- 해당 글을 삭제 -->
<delete id="delete_jy">
	delete from notice
	where id = #{id}
</delete>

<!-- 해당 글의 조회수 증가 -->
<update id="read_jy">
	update notice set readcnt = readcnt + 1
	where id = #{id}
</update>

<!-- 해당 글의 상세 정보 조회 -->
<select id="detail_jy" resultType="notice.NoticeVO">
	select b.*, (select name from member where member.email = b.writer) name
	from notice b
	where id = #{id}
</select>

<!-- 신규 글 저장 -->
<insert id="insert_jy">
	insert into notice (title, content, writer)
	values ( #{title}, #{content}, #{writer})
</insert>

<sql id = 'where_search'>
	<if test="search=='title' or search=='content' ">
		where ${search} like '%'|| #{keyword} || '%' 
	</if>
	<if test="search == 'writer' ">
		where <include refid="search_writer" />		
	</if>
	<if test="search == 'all' ">
		where title like '%'|| #{keyword} ||'%'
		or content like '%'|| #{keyword} ||'%'
		or <include refid="search_writer" /> 
		<!--  writer in ( select id from s_member where name like '%'|| #{keyword} ||'%' ) -->
	</if>
</sql>

<sql id='search_writer_jy'>
	writer in ( select email from member where name like '%'|| #{keyword} ||'%' )
</sql>

<!-- 전체 게시글 수 조회 -->
<select id="totalList_jy" resultType="integer">
	select count(*) from notice <include refid="where_search" />
</select>

<!-- 전체 게시글 조회 -->

<select id="list_jy" resultType="notice.NoticeVO">
	select *
	from (select rownum no, b.*, (select name from member where email = b.writer) name
			from (select * from notice <include refid="where_search" />
					order by id ) b
			order by no desc)
	where no between #{beginList} and #{endList}
</select>

</mapper>